{
  "config": {
    "model": "LinearRegression"
  },
  "metrics": {
    "MAE": 42.79409467959994,
    "RMSE": 53.85344583676592,
    "R2": 0.4526027629719196
  }
}